"outcome","account","r2_holdout","beta","seed"
"eviction","logit",0.0143482504324531,NA,1
"eviction","ols",0.0171393334122171,NA,1
"gpa","logit",NA,NA,1
"gpa","ols",0.111477845225467,"0.203067338481573",1
"grit","logit",NA,NA,1
"grit","ols",0.00789226214552974,"0.0589024542888422",1
"jobTraining","logit",0.0513087296408651,NA,1
"jobTraining","ols",0.0521269321559615,NA,1
"layoff","logit",0.0083085733160092,NA,1
"layoff","ols",-0.00308363896080377,NA,1
"materialHardship","logit",NA,NA,1
"materialHardship","ols",0.175873329761181,"0.40112931440805",1
"eviction","logit",0.0143698289793219,NA,2
"eviction","ols",0.01977295553369,NA,2
"gpa","logit",NA,NA,2
"gpa","ols",0.116820824647694,"0.18695820168878",2
"grit","logit",NA,NA,2
"grit","ols",0.0139407377822229,"0.0395718054014709",2
"jobTraining","logit",0.0521355935719062,NA,2
"jobTraining","ols",0.0464508630548812,NA,2
"layoff","logit",0.00849527175977705,NA,2
"layoff","ols",0.00115297327213382,NA,2
"materialHardship","logit",NA,NA,2
"materialHardship","ols",0.175816453767434,"0.315480158377636",2
"eviction","logit",0.0142730999374052,NA,3
"eviction","ols",0.0183277680821389,NA,3
"gpa","logit",NA,NA,3
"gpa","ols",0.106196629421638,"0.243807616184562",3
"grit","logit",NA,NA,3
"grit","ols",0.0134558500405332,"0.0259676465831959",3
"jobTraining","logit",0.0495288782203344,NA,3
"jobTraining","ols",0.050669562646361,NA,3
"layoff","logit",0.00905943526271924,NA,3
"layoff","ols",0.000899990053324307,NA,3
"materialHardship","logit",NA,NA,3
"materialHardship","ols",0.175706065390105,"0.400803287037641",3
"eviction","logit",0.0143589317159776,NA,4
"eviction","ols",0.0207570520881595,NA,4
"gpa","logit",NA,NA,4
"gpa","ols",0.0920806553270039,"0.226298223500089",4
"grit","logit",NA,NA,4
"grit","ols",0.0145394364938173,"0.0257230637114292",4
"jobTraining","logit",0.051712913032804,NA,4
"jobTraining","ols",0.0498813834617446,NA,4
"layoff","logit",0.00671200219824841,NA,4
"layoff","ols",0.00439467953965944,NA,4
"materialHardship","logit",NA,NA,4
"materialHardship","ols",0.178733186920411,"0.384971768179234",4
"eviction","logit",0.0143262330512148,NA,5
"eviction","ols",0.0170679116521787,NA,5
"gpa","logit",NA,NA,5
"gpa","ols",0.0898759776726658,"0.177663125192716",5
"grit","logit",NA,NA,5
"grit","ols",0.0100063564922613,"0.039758961010337",5
"jobTraining","logit",0.0505632661565987,NA,5
"jobTraining","ols",0.048804559846765,NA,5
"layoff","logit",0.00717144542751891,NA,5
"layoff","ols",0.00607731268677891,NA,5
"materialHardship","logit",NA,NA,5
"materialHardship","ols",0.165098855325847,"0.377900265451312",5
"eviction","logit",0.0142479763802775,NA,6
"eviction","ols",0.0164081188897925,NA,6
"gpa","logit",NA,NA,6
"gpa","ols",0.117360046797838,"0.208775479782878",6
"grit","logit",NA,NA,6
"grit","ols",0.0125775990363178,"0.0523405161314011",6
"jobTraining","logit",0.0481919570062588,NA,6
"jobTraining","ols",0.0442412853755796,NA,6
"layoff","logit",0.00624753189158322,NA,6
"layoff","ols",0.00557834368329491,NA,6
"materialHardship","logit",NA,NA,6
"materialHardship","ols",0.180064669384577,"0.339543971855389",6
"eviction","logit",0.0143971395806459,NA,7
"eviction","ols",0.0291950028945391,NA,7
"gpa","logit",NA,NA,7
"gpa","ols",0.100691682114077,"0.194841722311613",7
"grit","logit",NA,NA,7
"grit","ols",0.017154553279226,"0.0180374985360178",7
"jobTraining","logit",0.0474389306277022,NA,7
"jobTraining","ols",0.0531567585394928,NA,7
"layoff","logit",0.0088609163228971,NA,7
"layoff","ols",0.000477764349830156,NA,7
"materialHardship","logit",NA,NA,7
"materialHardship","ols",0.174770767398445,"0.37706608635237",7
"eviction","logit",0.0141782948063283,NA,8
"eviction","ols",0.0202827988172665,NA,8
"gpa","logit",NA,NA,8
"gpa","ols",0.0981794846559026,"0.219436667007169",8
"grit","logit",NA,NA,8
"grit","ols",0.00657479413587347,"0.0203419213477062",8
"jobTraining","logit",0.0497589897484848,NA,8
"jobTraining","ols",0.0518852502546571,NA,8
"layoff","logit",0.00799507065119198,NA,8
"layoff","ols",0.00444816168973738,NA,8
"materialHardship","logit",NA,NA,8
"materialHardship","ols",0.179316436851795,"0.398562974804995",8
"eviction","logit",0.0142158131745673,NA,9
"eviction","ols",0.00891954864462152,NA,9
"gpa","logit",NA,NA,9
"gpa","ols",0.122390388260758,"0.184861030185675",9
"grit","logit",NA,NA,9
"grit","ols",0.0127843689093116,"0.052912233462103",9
"jobTraining","logit",0.048717629760139,NA,9
"jobTraining","ols",0.0550972657158075,NA,9
"layoff","logit",0.00799045878523763,NA,9
"layoff","ols",0.00658292477097833,NA,9
"materialHardship","logit",NA,NA,9
"materialHardship","ols",0.177572575086124,"0.371152713869556",9
"eviction","logit",0.0142907131191389,NA,10
"eviction","ols",0.0094379432346029,NA,10
"gpa","logit",NA,NA,10
"gpa","ols",0.115143948996191,"0.161580263272479",10
"grit","logit",NA,NA,10
"grit","ols",0.0128707879991384,"0.0216572635840187",10
"jobTraining","logit",0.0490393908639403,NA,10
"jobTraining","ols",0.0486195214567343,NA,10
"layoff","logit",0.00963988340015332,NA,10
"layoff","ols",-0.00522122409296166,NA,10
"materialHardship","logit",NA,NA,10
"materialHardship","ols",0.184061084032969,"0.381327765236816",10
"eviction","logit",0.0142161609857816,NA,11
"eviction","ols",0.0197861551713985,NA,11
"gpa","logit",NA,NA,11
"gpa","ols",0.123659457913737,"0.176297331029044",11
"grit","logit",NA,NA,11
"grit","ols",0.0141039063932397,"0.0295658658199174",11
"jobTraining","logit",0.0511434020433188,NA,11
"jobTraining","ols",0.0501679402435674,NA,11
"layoff","logit",0.00952519544178099,NA,11
"layoff","ols",0.00419748283114141,NA,11
"materialHardship","logit",NA,NA,11
"materialHardship","ols",0.167416576952382,"0.293828812826706",11
"eviction","logit",0.0142880581661642,NA,12
"eviction","ols",0.0246418185187023,NA,12
"gpa","logit",NA,NA,12
"gpa","ols",0.0991072649222406,"0.185421564293763",12
"grit","logit",NA,NA,12
"grit","ols",0.0194161877887612,"0.0315538478170708",12
"jobTraining","logit",0.0473043836532393,NA,12
"jobTraining","ols",0.047287527822253,NA,12
"layoff","logit",0.00947217960781299,NA,12
"layoff","ols",0.0116485876861127,NA,12
"materialHardship","logit",NA,NA,12
"materialHardship","ols",0.186504530394076,"0.400107602079609",12
"eviction","logit",0.0141938014194907,NA,13
"eviction","ols",0.0202881904120321,NA,13
"gpa","logit",NA,NA,13
"gpa","ols",0.105937889463816,"0.216310885343356",13
"grit","logit",NA,NA,13
"grit","ols",0.011808236964722,"0.0257421803753536",13
"jobTraining","logit",0.0490234999696166,NA,13
"jobTraining","ols",0.0512231123320354,NA,13
"layoff","logit",0.00826350415431476,NA,13
"layoff","ols",0.00390408038181789,NA,13
"materialHardship","logit",NA,NA,13
"materialHardship","ols",0.184195448840977,"0.362076307407928",13
"eviction","logit",0.0140013437522513,NA,14
"eviction","ols",0.0225330383670829,NA,14
"gpa","logit",NA,NA,14
"gpa","ols",0.128320994596013,"0.196840172253338",14
"grit","logit",NA,NA,14
"grit","ols",0.0093588660114905,"0.0419405135828931",14
"jobTraining","logit",0.0472476856093094,NA,14
"jobTraining","ols",0.0500316733692253,NA,14
"layoff","logit",0.00577128038178931,NA,14
"layoff","ols",0.000807621846486195,NA,14
"materialHardship","logit",NA,NA,14
"materialHardship","ols",0.178916420607736,"0.375984949594428",14
"eviction","logit",0.0142612062230322,NA,15
"eviction","ols",0.026134449728562,NA,15
"gpa","logit",NA,NA,15
"gpa","ols",0.112037453510726,"0.17755615358203",15
"grit","logit",NA,NA,15
"grit","ols",0.0165539388349305,"0.0209490809421787",15
"jobTraining","logit",0.0531316868472962,NA,15
"jobTraining","ols",0.0492857805219978,NA,15
"layoff","logit",0.0076031603309612,NA,15
"layoff","ols",0.00426776126309436,NA,15
"materialHardship","logit",NA,NA,15
"materialHardship","ols",0.182636139547194,"0.357471328960075",15
"eviction","logit",0.0142667736359533,NA,16
"eviction","ols",0.0239488625385909,NA,16
"gpa","logit",NA,NA,16
"gpa","ols",0.122221200946576,"0.17501354527648",16
"grit","logit",NA,NA,16
"grit","ols",0.0122239441037661,"0.0582324013054695",16
"jobTraining","logit",0.0514544126226109,NA,16
"jobTraining","ols",0.0520348545520505,NA,16
"layoff","logit",0.00657635854419325,NA,16
"layoff","ols",-0.00734391393932121,NA,16
"materialHardship","logit",NA,NA,16
"materialHardship","ols",0.179011941277416,"0.330374598034385",16
"eviction","logit",0.0142191178398207,NA,17
"eviction","ols",0.0167686695562743,NA,17
"gpa","logit",NA,NA,17
"gpa","ols",0.0931878850475402,"0.215246364099167",17
"grit","logit",NA,NA,17
"grit","ols",0.0110267858979767,"0.0280315880954902",17
"jobTraining","logit",0.0497740822663347,NA,17
"jobTraining","ols",0.0543171720625961,NA,17
"layoff","logit",0.00687010751377382,NA,17
"layoff","ols",-0.00164927335438803,NA,17
"materialHardship","logit",NA,NA,17
"materialHardship","ols",0.172675398542124,"0.389819844223565",17
"eviction","logit",0.0140788619835562,NA,18
"eviction","ols",0.0286153127907768,NA,18
"gpa","logit",NA,NA,18
"gpa","ols",0.0761058679862056,"0.234568515763258",18
"grit","logit",NA,NA,18
"grit","ols",0.0123189618051661,"0.0329342670939668",18
"jobTraining","logit",0.0477769303505688,NA,18
"jobTraining","ols",0.050620865351066,NA,18
"layoff","logit",0.010448483495703,NA,18
"layoff","ols",-0.00258810920997621,NA,18
"materialHardship","logit",NA,NA,18
"materialHardship","ols",0.176093466563768,"0.345514879572034",18
"eviction","logit",0.014392862875742,NA,19
"eviction","ols",0.0184642663163086,NA,19
"gpa","logit",NA,NA,19
"gpa","ols",0.119635602798035,"0.210341064388619",19
"grit","logit",NA,NA,19
"grit","ols",0.0156015165658119,"0.037844950414168",19
"jobTraining","logit",0.0502927541247962,NA,19
"jobTraining","ols",0.0508705930125239,NA,19
"layoff","logit",0.00761346417972808,NA,19
"layoff","ols",0.00769382825624865,NA,19
"materialHardship","logit",NA,NA,19
"materialHardship","ols",0.18072772785751,"0.367892330657357",19
"eviction","logit",0.0120786747114824,NA,20
"eviction","ols",0.0278125354310381,NA,20
"gpa","logit",NA,NA,20
"gpa","ols",0.107961819702407,"0.183783529085301",20
"grit","logit",NA,NA,20
"grit","ols",0.00622653547897267,"0.0479617223259156",20
"jobTraining","logit",0.0506748448272603,NA,20
"jobTraining","ols",0.0400811490045847,NA,20
"layoff","logit",0.00814116378533503,NA,20
"layoff","ols",-0.00626134674256895,NA,20
"materialHardship","logit",NA,NA,20
"materialHardship","ols",0.179086494367314,"0.390725899857062",20
"eviction","logit",0.0143306804379765,NA,21
"eviction","ols",0.0248434005266172,NA,21
"gpa","logit",NA,NA,21
"gpa","ols",0.0840103919632237,"0.220092916579902",21
"grit","logit",NA,NA,21
"grit","ols",0.0145309529931377,"0.00661727736056528",21
"jobTraining","logit",0.0481616469082099,NA,21
"jobTraining","ols",0.0456609811476508,NA,21
"layoff","logit",0.00749423437016927,NA,21
"layoff","ols",0.00574737228105748,NA,21
"materialHardship","logit",NA,NA,21
"materialHardship","ols",0.173781289098133,"0.337408911003796",21
"eviction","logit",0.0144212751981017,NA,22
"eviction","ols",0.0212795893486547,NA,22
"gpa","logit",NA,NA,22
"gpa","ols",0.1129546210691,"0.195790566277011",22
"grit","logit",NA,NA,22
"grit","ols",0.00935042141471365,"0.000746221345278197",22
"jobTraining","logit",0.0496436774018079,NA,22
"jobTraining","ols",0.0531602019570654,NA,22
"layoff","logit",0.0087401114256721,NA,22
"layoff","ols",0.0054638245392834,NA,22
"materialHardship","logit",NA,NA,22
"materialHardship","ols",0.181855992660164,"0.32679032211822",22
"eviction","logit",0.0143087465725561,NA,23
"eviction","ols",0.0174158947548239,NA,23
"gpa","logit",NA,NA,23
"gpa","ols",0.0964704094957312,"0.207599012501391",23
"grit","logit",NA,NA,23
"grit","ols",0.00765864870861388,"0.00949279470739905",23
"jobTraining","logit",0.0476765306457801,NA,23
"jobTraining","ols",0.0469424314278118,NA,23
"layoff","logit",0.00913729466239954,NA,23
"layoff","ols",-0.00287216108646993,NA,23
"materialHardship","logit",NA,NA,23
"materialHardship","ols",0.181319468986661,"0.357726254381704",23
"eviction","logit",0.0143207970834349,NA,24
"eviction","ols",0.0227903476699854,NA,24
"gpa","logit",NA,NA,24
"gpa","ols",0.0776927286049907,"0.22455903784372",24
"grit","logit",NA,NA,24
"grit","ols",0.0135111534071963,"0.00744699445142659",24
"jobTraining","logit",0.049963712413651,NA,24
"jobTraining","ols",0.0462194939255847,NA,24
"layoff","logit",0.00892695971200463,NA,24
"layoff","ols",-0.00901871367455875,NA,24
"materialHardship","logit",NA,NA,24
"materialHardship","ols",0.182101421663909,"0.367031721848912",24
"eviction","logit",0.014417104161311,NA,25
"eviction","ols",0.0250287003983112,NA,25
"gpa","logit",NA,NA,25
"gpa","ols",0.118921834777859,"0.183553130601578",25
"grit","logit",NA,NA,25
"grit","ols",0.00925250525861843,"0.0216431370913919",25
"jobTraining","logit",0.0485852434258294,NA,25
"jobTraining","ols",0.0484529796004463,NA,25
"layoff","logit",0.00745253822106806,NA,25
"layoff","ols",0.00913383863974959,NA,25
"materialHardship","logit",NA,NA,25
"materialHardship","ols",0.16205269274618,"0.350849811230999",25
"eviction","logit",0.0143437359701823,NA,26
"eviction","ols",0.0221742288528027,NA,26
"gpa","logit",NA,NA,26
"gpa","ols",0.0952663001965306,"0.21986327488591",26
"grit","logit",NA,NA,26
"grit","ols",0.0140558737559018,"0.0393859556858279",26
"jobTraining","logit",0.0495753048266442,NA,26
"jobTraining","ols",0.0525885548390749,NA,26
"layoff","logit",0.00832687076792904,NA,26
"layoff","ols",-0.00201522459764081,NA,26
"materialHardship","logit",NA,NA,26
"materialHardship","ols",0.183308409991589,"0.377741053085193",26
"eviction","logit",0.014290528981398,NA,27
"eviction","ols",0.0173535452834894,NA,27
"gpa","logit",NA,NA,27
"gpa","ols",0.108956407539019,"0.18761184065254",27
"grit","logit",NA,NA,27
"grit","ols",0.0166185876816919,"0.0151520975712018",27
"jobTraining","logit",0.0470903105819418,NA,27
"jobTraining","ols",0.0544361651777274,NA,27
"layoff","logit",0.00767236731594434,NA,27
"layoff","ols",0.00745192575650266,NA,27
"materialHardship","logit",NA,NA,27
"materialHardship","ols",0.182690237502249,"0.354021022818321",27
"eviction","logit",0.0144146557834948,NA,28
"eviction","ols",0.0200923549419439,NA,28
"gpa","logit",NA,NA,28
"gpa","ols",0.116080491396746,"0.165800521775911",28
"grit","logit",NA,NA,28
"grit","ols",0.0136538113660983,"0.0670254618707112",28
"jobTraining","logit",0.0469148062618313,NA,28
"jobTraining","ols",0.0438282212807951,NA,28
"layoff","logit",0.00529818638412394,NA,28
"layoff","ols",-0.00234781579427978,NA,28
"materialHardship","logit",NA,NA,28
"materialHardship","ols",0.183719275569436,"0.382990255647676",28
"eviction","logit",0.0142795361918832,NA,29
"eviction","ols",0.0172481451995418,NA,29
"gpa","logit",NA,NA,29
"gpa","ols",0.0760831223203923,"0.222819826429787",29
"grit","logit",NA,NA,29
"grit","ols",0.0105209018934433,"0.0502555608552089",29
"jobTraining","logit",0.0488319851628775,NA,29
"jobTraining","ols",0.0483967839026744,NA,29
"layoff","logit",0.00931636913341205,NA,29
"layoff","ols",0.00938032469548244,NA,29
"materialHardship","logit",NA,NA,29
"materialHardship","ols",0.183100699284005,"0.419916030056362",29
"eviction","logit",0.0143858296931013,NA,30
"eviction","ols",0.0236365430047265,NA,30
"gpa","logit",NA,NA,30
"gpa","ols",0.0950372798360123,"0.20634082538924",30
"grit","logit",NA,NA,30
"grit","ols",0.0151711943125545,"0.0292583128338277",30
"jobTraining","logit",0.0491363120203515,NA,30
"jobTraining","ols",0.049312648722432,NA,30
"layoff","logit",0.00859836162863614,NA,30
"layoff","ols",0.00729184127920546,NA,30
"materialHardship","logit",NA,NA,30
"materialHardship","ols",0.179199828609124,"0.339331846431209",30
"eviction","logit",0.0142071895076905,NA,31
"eviction","ols",0.00858633518211493,NA,31
"gpa","logit",NA,NA,31
"gpa","ols",0.0883340178385669,"0.202885754444796",31
"grit","logit",NA,NA,31
"grit","ols",0.0137136511660744,"0.0467364420138127",31
"jobTraining","logit",0.0506614009351688,NA,31
"jobTraining","ols",0.0521772969317863,NA,31
"layoff","logit",0.0067367667390148,NA,31
"layoff","ols",0.000222449088367549,NA,31
"materialHardship","logit",NA,NA,31
"materialHardship","ols",0.17455395792609,"0.371374832619906",31
"eviction","logit",0.0142914917124903,NA,32
"eviction","ols",0.0203028393439189,NA,32
"gpa","logit",NA,NA,32
"gpa","ols",0.0926576600164156,"0.232357826819356",32
"grit","logit",NA,NA,32
"grit","ols",0.0133110011625818,"0.0357563926839446",32
"jobTraining","logit",0.0490060633280381,NA,32
"jobTraining","ols",0.0410432247463495,NA,32
"layoff","logit",0.00751148421233683,NA,32
"layoff","ols",0.00226383672646802,NA,32
"materialHardship","logit",NA,NA,32
"materialHardship","ols",0.178228389611966,"0.363107765007671",32
"eviction","logit",0.0142925037338404,NA,33
"eviction","ols",0.00026194997126161,NA,33
"gpa","logit",NA,NA,33
"gpa","ols",0.122937691539381,"0.201734845618783",33
"grit","logit",NA,NA,33
"grit","ols",0.0121615209374559,"0.0435800826530284",33
"jobTraining","logit",0.0500494308570997,NA,33
"jobTraining","ols",0.0556600704288296,NA,33
"layoff","logit",0.0106814691564705,NA,33
"layoff","ols",0.000836383578714961,NA,33
"materialHardship","logit",NA,NA,33
"materialHardship","ols",0.177979019911758,"0.345376047331609",33
"eviction","logit",0.0138675292698583,NA,34
"eviction","ols",0.0192522205064894,NA,34
"gpa","logit",NA,NA,34
"gpa","ols",0.110160929421537,"0.194168615391548",34
"grit","logit",NA,NA,34
"grit","ols",0.0161951907727943,"0.0174211170442848",34
"jobTraining","logit",0.0492306481633592,NA,34
"jobTraining","ols",0.056399531853756,NA,34
"layoff","logit",0.00840269699387164,NA,34
"layoff","ols",0.00265600492586315,NA,34
"materialHardship","logit",NA,NA,34
"materialHardship","ols",0.187285106535812,"0.355751776896367",34
"eviction","logit",0.0143015097023822,NA,35
"eviction","ols",0.0174545101061805,NA,35
"gpa","logit",NA,NA,35
"gpa","ols",0.113916761057166,"0.180014468820564",35
"grit","logit",NA,NA,35
"grit","ols",0.0134626006085712,"0.0579906108796104",35
"jobTraining","logit",0.0500052801597443,NA,35
"jobTraining","ols",0.0480431962104163,NA,35
"layoff","logit",0.00819567998277848,NA,35
"layoff","ols",0.0085204265944161,NA,35
"materialHardship","logit",NA,NA,35
"materialHardship","ols",0.182594575432922,"0.394996145105489",35
"eviction","logit",0.0142619300532761,NA,36
"eviction","ols",0.022448454367234,NA,36
"gpa","logit",NA,NA,36
"gpa","ols",0.123746373570885,"0.205717235512091",36
"grit","logit",NA,NA,36
"grit","ols",0.0120373613432815,"0.00435130597441348",36
"jobTraining","logit",0.049379386952405,NA,36
"jobTraining","ols",0.0482864598101009,NA,36
"layoff","logit",0.00785374702983033,NA,36
"layoff","ols",0.00675474788637476,NA,36
"materialHardship","logit",NA,NA,36
"materialHardship","ols",0.162353360880066,"0.396038070819827",36
"eviction","logit",0.0146074535546086,NA,37
"eviction","ols",0.0179666850072684,NA,37
"gpa","logit",NA,NA,37
"gpa","ols",0.0972849670838976,"0.200413837631654",37
"grit","logit",NA,NA,37
"grit","ols",0.0130892959913713,"0.0438205356835737",37
"jobTraining","logit",0.0474226504054683,NA,37
"jobTraining","ols",0.0511573921280414,NA,37
"layoff","logit",0.00834555400177939,NA,37
"layoff","ols",0.00513863794837999,NA,37
"materialHardship","logit",NA,NA,37
"materialHardship","ols",0.183310799585706,"0.389723629256964",37
"eviction","logit",0.0143466264429349,NA,38
"eviction","ols",0.0240897433211638,NA,38
"gpa","logit",NA,NA,38
"gpa","ols",0.110487634486375,"0.178344177522401",38
"grit","logit",NA,NA,38
"grit","ols",0.0155554196313488,"0.0393762122833664",38
"jobTraining","logit",0.0482222437991218,NA,38
"jobTraining","ols",0.0467697667006177,NA,38
"layoff","logit",0.00657638434054186,NA,38
"layoff","ols",0.0101304810997326,NA,38
"materialHardship","logit",NA,NA,38
"materialHardship","ols",0.170748675226325,"0.335741920025194",38
"eviction","logit",0.0141392011036,NA,39
"eviction","ols",0.0149001550542809,NA,39
"gpa","logit",NA,NA,39
"gpa","ols",0.116078920806328,"0.193460466577618",39
"grit","logit",NA,NA,39
"grit","ols",0.0107186394522304,"0.0162225770360722",39
"jobTraining","logit",0.0488971949383514,NA,39
"jobTraining","ols",0.051621991519032,NA,39
"layoff","logit",0.0066381197130525,NA,39
"layoff","ols",-0.00176161765745597,NA,39
"materialHardship","logit",NA,NA,39
"materialHardship","ols",0.170320619556784,"0.361203309240133",39
"eviction","logit",0.0143125140848239,NA,40
"eviction","ols",0.023279598870974,NA,40
"gpa","logit",NA,NA,40
"gpa","ols",0.121850349627049,"0.191629115109261",40
"grit","logit",NA,NA,40
"grit","ols",0.0123524300448165,"0.00891588177880143",40
"jobTraining","logit",0.049298586325555,NA,40
"jobTraining","ols",0.0540001995057054,NA,40
"layoff","logit",0.00842881824209318,NA,40
"layoff","ols",0.00470960310028956,NA,40
"materialHardship","logit",NA,NA,40
"materialHardship","ols",0.176028042764083,"0.387196380895765",40
"eviction","logit",0.0142474512361616,NA,41
"eviction","ols",0.018233155346124,NA,41
"gpa","logit",NA,NA,41
"gpa","ols",0.114810177802422,"0.17634910353231",41
"grit","logit",NA,NA,41
"grit","ols",0.015243500081659,"0.0135675574489512",41
"jobTraining","logit",0.0500359696259531,NA,41
"jobTraining","ols",0.0542655910722067,NA,41
"layoff","logit",0.0090257058383133,NA,41
"layoff","ols",0.00844315417076735,NA,41
"materialHardship","logit",NA,NA,41
"materialHardship","ols",0.17624436345764,"0.387527060282527",41
"eviction","logit",0.0143172012771778,NA,42
"eviction","ols",0.0226757755324105,NA,42
"gpa","logit",NA,NA,42
"gpa","ols",0.111719548229527,"0.23518073810865",42
"grit","logit",NA,NA,42
"grit","ols",0.0181361549522026,"0.0531595843892377",42
"jobTraining","logit",0.0488585787828145,NA,42
"jobTraining","ols",0.0528125738639688,NA,42
"layoff","logit",0.00631469911570082,NA,42
"layoff","ols",0.0105232574725869,NA,42
"materialHardship","logit",NA,NA,42
"materialHardship","ols",0.179231919303147,"0.346064590085746",42
"eviction","logit",0.0142457822226212,NA,43
"eviction","ols",0.0247832741787024,NA,43
"gpa","logit",NA,NA,43
"gpa","ols",0.116748794645928,"0.203979063439695",43
"grit","logit",NA,NA,43
"grit","ols",0.00533346127495693,"0.022493275433298",43
"jobTraining","logit",0.0492641700524223,NA,43
"jobTraining","ols",0.0453309630401857,NA,43
"layoff","logit",0.00767756668894348,NA,43
"layoff","ols",0.00949673936982998,NA,43
"materialHardship","logit",NA,NA,43
"materialHardship","ols",0.177833662490036,"0.385650553906766",43
"eviction","logit",0.0135607837477116,NA,44
"eviction","ols",0.0200061671123147,NA,44
"gpa","logit",NA,NA,44
"gpa","ols",0.104403086885364,"0.196336169477436",44
"grit","logit",NA,NA,44
"grit","ols",0.00863745471299349,"0.0427456096702995",44
"jobTraining","logit",0.0492423237700144,NA,44
"jobTraining","ols",0.0467836066856164,NA,44
"layoff","logit",0.00842386860818034,NA,44
"layoff","ols",0.00531824164827333,NA,44
"materialHardship","logit",NA,NA,44
"materialHardship","ols",0.181101694840662,"0.345484769625431",44
"eviction","logit",0.013795447305054,NA,45
"eviction","ols",0.0206479969361957,NA,45
"gpa","logit",NA,NA,45
"gpa","ols",0.1173433619787,"0.146805422429259",45
"grit","logit",NA,NA,45
"grit","ols",0.017334239518592,"0.0293027682489644",45
"jobTraining","logit",0.0509856194369385,NA,45
"jobTraining","ols",0.0534916507981817,NA,45
"layoff","logit",0.00572313318053663,NA,45
"layoff","ols",-0.0049198254350189,NA,45
"materialHardship","logit",NA,NA,45
"materialHardship","ols",0.174991399623237,"0.361556546121631",45
"eviction","logit",0.0126428851595307,NA,46
"eviction","ols",0.018782829243737,NA,46
"gpa","logit",NA,NA,46
"gpa","ols",0.117651720994755,"0.186051448435203",46
"grit","logit",NA,NA,46
"grit","ols",0.00890729606014795,"0.00732379436058057",46
"jobTraining","logit",0.0485566526845369,NA,46
"jobTraining","ols",0.0486521185124975,NA,46
"layoff","logit",0.00629601293892723,NA,46
"layoff","ols",0.0093677297309237,NA,46
"materialHardship","logit",NA,NA,46
"materialHardship","ols",0.166903738101471,"0.377216317091099",46
"eviction","logit",0.0143628723639072,NA,47
"eviction","ols",0.0176925737692449,NA,47
"gpa","logit",NA,NA,47
"gpa","ols",0.112320830852278,"0.216238583578603",47
"grit","logit",NA,NA,47
"grit","ols",0.00509878469226466,"0.0131814408501012",47
"jobTraining","logit",0.0491749011543293,NA,47
"jobTraining","ols",0.0503896790575552,NA,47
"layoff","logit",0.00753402446582208,NA,47
"layoff","ols",0.00180309407438539,NA,47
"materialHardship","logit",NA,NA,47
"materialHardship","ols",0.182916307769572,"0.329386406831705",47
"eviction","logit",0.0143770145252533,NA,48
"eviction","ols",0.0226011005400147,NA,48
"gpa","logit",NA,NA,48
"gpa","ols",0.0910738455715973,"0.200617841468396",48
"grit","logit",NA,NA,48
"grit","ols",0.0142845365031578,"0.0125260355866441",48
"jobTraining","logit",0.0483409383259689,NA,48
"jobTraining","ols",0.0518665093848142,NA,48
"layoff","logit",0.00978586351047439,NA,48
"layoff","ols",0.00768639011675643,NA,48
"materialHardship","logit",NA,NA,48
"materialHardship","ols",0.175834794300603,"0.36274344862063",48
"eviction","logit",0.0143083086502179,NA,49
"eviction","ols",0.0217115402595224,NA,49
"gpa","logit",NA,NA,49
"gpa","ols",0.100745326612727,"0.214405479630505",49
"grit","logit",NA,NA,49
"grit","ols",0.00903968003006062,"0.00871337159549888",49
"jobTraining","logit",0.0488096746419941,NA,49
"jobTraining","ols",0.0412837954164346,NA,49
"layoff","logit",0.00771241584974336,NA,49
"layoff","ols",0.00352636978021548,NA,49
"materialHardship","logit",NA,NA,49
"materialHardship","ols",0.179381526052986,"0.347064336345888",49
"eviction","logit",0.0142944912944454,NA,50
"eviction","ols",0.00985797592334725,NA,50
"gpa","logit",NA,NA,50
"gpa","ols",0.0819458953848202,"0.211979291746119",50
"grit","logit",NA,NA,50
"grit","ols",0.0161142403385512,"0.055882147376056",50
"jobTraining","logit",0.0504512698157333,NA,50
"jobTraining","ols",0.0487490924269103,NA,50
"layoff","logit",0.00901067868754213,NA,50
"layoff","ols",-0.00645392364050124,NA,50
"materialHardship","logit",NA,NA,50
"materialHardship","ols",0.171285785529569,"0.362483148161027",50
"eviction","logit",0.0130786752506539,NA,51
"eviction","ols",0.015861934742056,NA,51
"gpa","logit",NA,NA,51
"gpa","ols",0.10754393654866,"0.20528472923088",51
"grit","logit",NA,NA,51
"grit","ols",0.0113875635918241,"0.0552796124720666",51
"jobTraining","logit",0.0520371129934916,NA,51
"jobTraining","ols",0.0526727414008707,NA,51
"layoff","logit",0.00731630220261092,NA,51
"layoff","ols",0.00858036496508308,NA,51
"materialHardship","logit",NA,NA,51
"materialHardship","ols",0.183181363604134,"0.343446890078186",51
"eviction","logit",0.0143072913501957,NA,52
"eviction","ols",0.0227349478506047,NA,52
"gpa","logit",NA,NA,52
"gpa","ols",0.115257295375509,"0.151616011991146",52
"grit","logit",NA,NA,52
"grit","ols",0.0136919981987585,"0.0405868505503017",52
"jobTraining","logit",0.0514430794571713,NA,52
"jobTraining","ols",0.0527888966382017,NA,52
"layoff","logit",0.00963990126576619,NA,52
"layoff","ols",0.00710344794875128,NA,52
"materialHardship","logit",NA,NA,52
"materialHardship","ols",0.183777219819717,"0.392869459605169",52
"eviction","logit",0.0143727678650999,NA,53
"eviction","ols",0.024032827618651,NA,53
"gpa","logit",NA,NA,53
"gpa","ols",0.0836861132891772,"0.207150926407599",53
"grit","logit",NA,NA,53
"grit","ols",0.0100729470317945,"0.0298949566540501",53
"jobTraining","logit",0.0499632388089984,NA,53
"jobTraining","ols",0.0487260135773326,NA,53
"layoff","logit",0.00646423917982708,NA,53
"layoff","ols",-0.00193278427233001,NA,53
"materialHardship","logit",NA,NA,53
"materialHardship","ols",0.175633784618472,"0.333393925812808",53
"eviction","logit",0.0143582244293432,NA,54
"eviction","ols",0.0189569175708342,NA,54
"gpa","logit",NA,NA,54
"gpa","ols",0.10869816046043,"0.191279964519324",54
"grit","logit",NA,NA,54
"grit","ols",0.00928292011954179,"0.0350744329400693",54
"jobTraining","logit",0.0484823908614743,NA,54
"jobTraining","ols",0.0469640766975041,NA,54
"layoff","logit",0.00663803766995263,NA,54
"layoff","ols",0.00334792764715597,NA,54
"materialHardship","logit",NA,NA,54
"materialHardship","ols",0.178627318822935,"0.367673638269849",54
"eviction","logit",0.0141958182066841,NA,55
"eviction","ols",0.0211982550778058,NA,55
"gpa","logit",NA,NA,55
"gpa","ols",0.116172279160338,"0.178751115000632",55
"grit","logit",NA,NA,55
"grit","ols",0.0163043318844779,"0.0409016995811711",55
"jobTraining","logit",0.0493946174928824,NA,55
"jobTraining","ols",0.0507434168080068,NA,55
"layoff","logit",0.0093731871795969,NA,55
"layoff","ols",0.00759643386509956,NA,55
"materialHardship","logit",NA,NA,55
"materialHardship","ols",0.178003784271729,"0.376600933837823",55
"eviction","logit",0.0142343630132766,NA,56
"eviction","ols",0.0247421691239772,NA,56
"gpa","logit",NA,NA,56
"gpa","ols",0.114605467699601,"0.194581577047403",56
"grit","logit",NA,NA,56
"grit","ols",0.00857027992423764,"0.00264137144870963",56
"jobTraining","logit",0.05180185044977,NA,56
"jobTraining","ols",0.0529038343144186,NA,56
"layoff","logit",0.00944327464150174,NA,56
"layoff","ols",0.00614820239193836,NA,56
"materialHardship","logit",NA,NA,56
"materialHardship","ols",0.186645199056225,"0.379403763155963",56
"eviction","logit",0.0142880630470348,NA,57
"eviction","ols",0.0176626458685516,NA,57
"gpa","logit",NA,NA,57
"gpa","ols",0.107845345658384,"0.180959785144824",57
"grit","logit",NA,NA,57
"grit","ols",0.011595408952451,"0.0281396888427913",57
"jobTraining","logit",0.0494870776653665,NA,57
"jobTraining","ols",0.0512650766182415,NA,57
"layoff","logit",0.00805708624636703,NA,57
"layoff","ols",0.00822070461415947,NA,57
"materialHardship","logit",NA,NA,57
"materialHardship","ols",0.173001756367992,"0.354924315799864",57
"eviction","logit",0.0139925369646848,NA,58
"eviction","ols",0.0197337662773985,NA,58
"gpa","logit",NA,NA,58
"gpa","ols",0.132389648050525,"0.148099823035187",58
"grit","logit",NA,NA,58
"grit","ols",0.010071501254329,"0.00361082804249677",58
"jobTraining","logit",0.0475352907253538,NA,58
"jobTraining","ols",0.0489303081357646,NA,58
"layoff","logit",0.00917450190163771,NA,58
"layoff","ols",0.00824844987398121,NA,58
"materialHardship","logit",NA,NA,58
"materialHardship","ols",0.184081244921982,"0.387875619175037",58
"eviction","logit",0.0144123506595447,NA,59
"eviction","ols",0.0180849171820954,NA,59
"gpa","logit",NA,NA,59
"gpa","ols",0.111622114615493,"0.20921420192136",59
"grit","logit",NA,NA,59
"grit","ols",0.0142269857102442,"0.0119981837716455",59
"jobTraining","logit",0.0515209087500166,NA,59
"jobTraining","ols",0.056696041833261,NA,59
"layoff","logit",0.00734252023800985,NA,59
"layoff","ols",0.0112273528598704,NA,59
"materialHardship","logit",NA,NA,59
"materialHardship","ols",0.1792942438483,"0.395753675504448",59
"eviction","logit",0.0143299596147598,NA,60
"eviction","ols",0.0310715893439691,NA,60
"gpa","logit",NA,NA,60
"gpa","ols",0.120047485938355,"0.180800994547342",60
"grit","logit",NA,NA,60
"grit","ols",0.0120170699516671,"0.0128991977536884",60
"jobTraining","logit",0.0514168723920987,NA,60
"jobTraining","ols",0.0452994434239682,NA,60
"layoff","logit",0.0092646172183537,NA,60
"layoff","ols",0.0129784130402755,NA,60
"materialHardship","logit",NA,NA,60
"materialHardship","ols",0.180847900703508,"0.377953251276468",60
"eviction","logit",0.0143716449852468,NA,61
"eviction","ols",0.024147761008914,NA,61
"gpa","logit",NA,NA,61
"gpa","ols",0.0995693318411265,"0.217315416212602",61
"grit","logit",NA,NA,61
"grit","ols",0.0103351941736903,"-0.00328105226798465",61
"jobTraining","logit",0.0472691448040677,NA,61
"jobTraining","ols",0.0442688742494861,NA,61
"layoff","logit",0.00620595135459823,NA,61
"layoff","ols",0.00208319316029981,NA,61
"materialHardship","logit",NA,NA,61
"materialHardship","ols",0.178716672317239,"0.368061083472087",61
"eviction","logit",0.0143569288880301,NA,62
"eviction","ols",0.0286081137946539,NA,62
"gpa","logit",NA,NA,62
"gpa","ols",0.135139479098662,"0.171917022230357",62
"grit","logit",NA,NA,62
"grit","ols",0.0140520782288367,"0.0143813001978222",62
"jobTraining","logit",0.0517905277954466,NA,62
"jobTraining","ols",0.0435625450139502,NA,62
"layoff","logit",0.00717911020356254,NA,62
"layoff","ols",-0.00246825579415266,NA,62
"materialHardship","logit",NA,NA,62
"materialHardship","ols",0.182182735885957,"0.350905671955677",62
"eviction","logit",0.0140951003118541,NA,63
"eviction","ols",0.026569195186748,NA,63
"gpa","logit",NA,NA,63
"gpa","ols",0.104886729993887,"0.18960244606313",63
"grit","logit",NA,NA,63
"grit","ols",0.0142100027570025,"0.0420040671744741",63
"jobTraining","logit",0.0478533383555105,NA,63
"jobTraining","ols",0.0505774000317276,NA,63
"layoff","logit",0.00818833091586413,NA,63
"layoff","ols",-0.00318646307355741,NA,63
"materialHardship","logit",NA,NA,63
"materialHardship","ols",0.178938168835941,"0.338296158535002",63
"eviction","logit",0.0144453287262047,NA,64
"eviction","ols",0.0173360423968755,NA,64
"gpa","logit",NA,NA,64
"gpa","ols",0.119338580514194,"0.227184281544859",64
"grit","logit",NA,NA,64
"grit","ols",0.0104661814880647,"0.0595737396790178",64
"jobTraining","logit",0.048841669783654,NA,64
"jobTraining","ols",0.0488773055961654,NA,64
"layoff","logit",0.00873004695961388,NA,64
"layoff","ols",0.00953287977946304,NA,64
"materialHardship","logit",NA,NA,64
"materialHardship","ols",0.179357357652622,"0.384639536760482",64
"eviction","logit",0.0144339176080833,NA,65
"eviction","ols",0.024987744494876,NA,65
"gpa","logit",NA,NA,65
"gpa","ols",0.0779293751946727,"0.206280470448701",65
"grit","logit",NA,NA,65
"grit","ols",0.0162508891556374,"0.0309387378437677",65
"jobTraining","logit",0.0500914203023005,NA,65
"jobTraining","ols",0.0506064645946392,NA,65
"layoff","logit",0.00841310993564803,NA,65
"layoff","ols",0.00495171687916629,NA,65
"materialHardship","logit",NA,NA,65
"materialHardship","ols",0.18544397096155,"0.407410281536244",65
"eviction","logit",0.0142841078602647,NA,66
"eviction","ols",0.023389080514156,NA,66
"gpa","logit",NA,NA,66
"gpa","ols",0.0987591016667575,"0.203347222471527",66
"grit","logit",NA,NA,66
"grit","ols",0.0100637944765148,"0.0070862405997526",66
"jobTraining","logit",0.0498430832369152,NA,66
"jobTraining","ols",0.0523045571606194,NA,66
"layoff","logit",0.00761958782765848,NA,66
"layoff","ols",0.00179122724395975,NA,66
"materialHardship","logit",NA,NA,66
"materialHardship","ols",0.169330024076739,"0.350650677267264",66
"eviction","logit",0.0143425463632929,NA,67
"eviction","ols",0.0255421989492109,NA,67
"gpa","logit",NA,NA,67
"gpa","ols",0.115720881480083,"0.171747234188319",67
"grit","logit",NA,NA,67
"grit","ols",0.0173307537881932,"0.0524029032460643",67
"jobTraining","logit",0.0498697492040625,NA,67
"jobTraining","ols",0.0492563388382723,NA,67
"layoff","logit",0.00702679942410755,NA,67
"layoff","ols",0.00944366613006575,NA,67
"materialHardship","logit",NA,NA,67
"materialHardship","ols",0.177365358424787,"0.397005377393901",67
"eviction","logit",0.0143725583011401,NA,68
"eviction","ols",0.0198993027596506,NA,68
"gpa","logit",NA,NA,68
"gpa","ols",0.0763549572617012,"0.241165033824735",68
"grit","logit",NA,NA,68
"grit","ols",0.0136495096315845,"0.015399417185602",68
"jobTraining","logit",0.0482701708158625,NA,68
"jobTraining","ols",0.0461348370538639,NA,68
"layoff","logit",0.00952942483878605,NA,68
"layoff","ols",0.00727017406352537,NA,68
"materialHardship","logit",NA,NA,68
"materialHardship","ols",0.171507831344304,"0.364708292924062",68
"eviction","logit",0.0143008351950835,NA,69
"eviction","ols",0.0186535538269823,NA,69
"gpa","logit",NA,NA,69
"gpa","ols",0.0872273233509541,"0.219202016022885",69
"grit","logit",NA,NA,69
"grit","ols",0.0118048025831805,"0.0143471388551987",69
"jobTraining","logit",0.0478600679869585,NA,69
"jobTraining","ols",0.04836763175617,NA,69
"layoff","logit",0.00798484458000492,NA,69
"layoff","ols",0.013000711234565,NA,69
"materialHardship","logit",NA,NA,69
"materialHardship","ols",0.175393031640419,"0.353009231531084",69
"eviction","logit",0.014409784643669,NA,70
"eviction","ols",0.0224483535831184,NA,70
"gpa","logit",NA,NA,70
"gpa","ols",0.12465331328569,"0.208692062570181",70
"grit","logit",NA,NA,70
"grit","ols",0.0175934586746768,"0.0288312785760733",70
"jobTraining","logit",0.0505786858522826,NA,70
"jobTraining","ols",0.0511409764610526,NA,70
"layoff","logit",0.00894896625652086,NA,70
"layoff","ols",0.0076843751673128,NA,70
"materialHardship","logit",NA,NA,70
"materialHardship","ols",0.175156780355947,"0.379443610997842",70
"eviction","logit",0.0140045080108537,NA,71
"eviction","ols",0.0121228007114584,NA,71
"gpa","logit",NA,NA,71
"gpa","ols",0.10304717653545,"0.201504761152146",71
"grit","logit",NA,NA,71
"grit","ols",0.0106403032877301,"0.0391945956088134",71
"jobTraining","logit",0.0508007677791332,NA,71
"jobTraining","ols",0.0547935231382399,NA,71
"layoff","logit",0.00996333504146152,NA,71
"layoff","ols",0.0068978670337656,NA,71
"materialHardship","logit",NA,NA,71
"materialHardship","ols",0.170053550886577,"0.395050330769581",71
"eviction","logit",0.014297346154439,NA,72
"eviction","ols",0.0169256260476559,NA,72
"gpa","logit",NA,NA,72
"gpa","ols",0.101912307637156,"0.173420096388239",72
"grit","logit",NA,NA,72
"grit","ols",0.012738830093969,"0.0252817971777787",72
"jobTraining","logit",0.0503784650097158,NA,72
"jobTraining","ols",0.0525010889284573,NA,72
"layoff","logit",0.0087114993076538,NA,72
"layoff","ols",-0.000711180914028553,NA,72
"materialHardship","logit",NA,NA,72
"materialHardship","ols",0.179989644627943,"0.405267728526411",72
"eviction","logit",0.0140860074639119,NA,73
"eviction","ols",0.0205328233522245,NA,73
"gpa","logit",NA,NA,73
"gpa","ols",0.11748161350196,"0.179892929938088",73
"grit","logit",NA,NA,73
"grit","ols",0.0134320819893075,"0.0283011586269165",73
"jobTraining","logit",0.050149185850203,NA,73
"jobTraining","ols",0.0543848567276527,NA,73
"layoff","logit",0.0082479168679076,NA,73
"layoff","ols",0.00579693907838663,NA,73
"materialHardship","logit",NA,NA,73
"materialHardship","ols",0.174225426004239,"0.344084545630671",73
"eviction","logit",0.0141840033215543,NA,74
"eviction","ols",0.0196205683662471,NA,74
"gpa","logit",NA,NA,74
"gpa","ols",0.138978252495033,"0.203777134953233",74
"grit","logit",NA,NA,74
"grit","ols",0.0107645054150564,"0.0387373043248114",74
"jobTraining","logit",0.0502121090260477,NA,74
"jobTraining","ols",0.0517299034094382,NA,74
"layoff","logit",0.00851294494615773,NA,74
"layoff","ols",0.00399995676227061,NA,74
"materialHardship","logit",NA,NA,74
"materialHardship","ols",0.17455575596582,"0.411784819677645",74
"eviction","logit",0.0143862742895672,NA,75
"eviction","ols",0.0238229315367139,NA,75
"gpa","logit",NA,NA,75
"gpa","ols",0.101460085621867,"0.217013872343062",75
"grit","logit",NA,NA,75
"grit","ols",0.0102846545798495,"0.0133081758759968",75
"jobTraining","logit",0.0507472920159064,NA,75
"jobTraining","ols",0.0506357082651833,NA,75
"layoff","logit",0.00886831515365782,NA,75
"layoff","ols",0.0118279515961066,NA,75
"materialHardship","logit",NA,NA,75
"materialHardship","ols",0.176690652260083,"0.368335151805277",75
"eviction","logit",0.0142353251231414,NA,76
"eviction","ols",0.0243057734960825,NA,76
"gpa","logit",NA,NA,76
"gpa","ols",0.0993480118133983,"0.211756771972248",76
"grit","logit",NA,NA,76
"grit","ols",0.00813831697354095,"0.0210704363424702",76
"jobTraining","logit",0.0490094441022005,NA,76
"jobTraining","ols",0.0459579254749209,NA,76
"layoff","logit",0.0062503310985047,NA,76
"layoff","ols",0.00309534724057248,NA,76
"materialHardship","logit",NA,NA,76
"materialHardship","ols",0.17144859879189,"0.333112118130984",76
"eviction","logit",0.0142800744907431,NA,77
"eviction","ols",0.023203354617729,NA,77
"gpa","logit",NA,NA,77
"gpa","ols",0.115424565491891,"0.155009759698381",77
"grit","logit",NA,NA,77
"grit","ols",0.0112814513560944,"0.0235295785744093",77
"jobTraining","logit",0.0469424070645652,NA,77
"jobTraining","ols",0.0488361003816853,NA,77
"layoff","logit",0.0080993302785205,NA,77
"layoff","ols",0.00556127570779907,NA,77
"materialHardship","logit",NA,NA,77
"materialHardship","ols",0.179549998358741,"0.342453806751916",77
"eviction","logit",0.0143255340476106,NA,78
"eviction","ols",0.0130888713952435,NA,78
"gpa","logit",NA,NA,78
"gpa","ols",0.0987018017403574,"0.183830481588341",78
"grit","logit",NA,NA,78
"grit","ols",0.00577350405202304,"0.0478306312096867",78
"jobTraining","logit",0.0501233632809813,NA,78
"jobTraining","ols",0.0503452836361996,NA,78
"layoff","logit",0.00757221896130866,NA,78
"layoff","ols",0.00655900990882885,NA,78
"materialHardship","logit",NA,NA,78
"materialHardship","ols",0.178487356423863,"0.394642809886493",78
"eviction","logit",0.014172813389415,NA,79
"eviction","ols",0.0215634041437112,NA,79
"gpa","logit",NA,NA,79
"gpa","ols",0.111183491808676,"0.16418617222882",79
"grit","logit",NA,NA,79
"grit","ols",0.0165454656351161,"0.0212490606308273",79
"jobTraining","logit",0.0488581986237793,NA,79
"jobTraining","ols",0.0485215319636925,NA,79
"layoff","logit",0.00776864070768624,NA,79
"layoff","ols",-0.0056224600326229,NA,79
"materialHardship","logit",NA,NA,79
"materialHardship","ols",0.178057564393419,"0.380235286410285",79
"eviction","logit",0.0144147833354166,NA,80
"eviction","ols",0.0218309940971424,NA,80
"gpa","logit",NA,NA,80
"gpa","ols",0.108347817176651,"0.216742040619167",80
"grit","logit",NA,NA,80
"grit","ols",0.0117725581556092,"0.00619291606741847",80
"jobTraining","logit",0.0511463122628745,NA,80
"jobTraining","ols",0.0474247469717141,NA,80
"layoff","logit",0.00719740478177355,NA,80
"layoff","ols",0.00373407990102448,NA,80
"materialHardship","logit",NA,NA,80
"materialHardship","ols",0.177216189378217,"0.401948762119119",80
"eviction","logit",0.0142899720140879,NA,81
"eviction","ols",0.0255752007557516,NA,81
"gpa","logit",NA,NA,81
"gpa","ols",0.106448347356614,"0.191146018779802",81
"grit","logit",NA,NA,81
"grit","ols",0.00962535521299834,"0.0395367364731027",81
"jobTraining","logit",0.0493522197170629,NA,81
"jobTraining","ols",0.0508699592461863,NA,81
"layoff","logit",0.00978750331449474,NA,81
"layoff","ols",0.00753233636160666,NA,81
"materialHardship","logit",NA,NA,81
"materialHardship","ols",0.187205684436134,"0.365138226430052",81
"eviction","logit",0.0142435225379598,NA,82
"eviction","ols",0.0222840585679289,NA,82
"gpa","logit",NA,NA,82
"gpa","ols",0.104049297909902,"0.200894654636204",82
"grit","logit",NA,NA,82
"grit","ols",0.0156966858493607,"0.0384995496664333",82
"jobTraining","logit",0.0501247218152538,NA,82
"jobTraining","ols",0.0470137457386,NA,82
"layoff","logit",0.00850734241203077,NA,82
"layoff","ols",0.00650640864833918,NA,82
"materialHardship","logit",NA,NA,82
"materialHardship","ols",0.182704827611647,"0.359266404425171",82
"eviction","logit",0.0143581665758397,NA,83
"eviction","ols",0.0200097132720904,NA,83
"gpa","logit",NA,NA,83
"gpa","ols",0.104763434384377,"0.204265623016069",83
"grit","logit",NA,NA,83
"grit","ols",0.00981266537175385,"0.0381211900882835",83
"jobTraining","logit",0.0485132595966982,NA,83
"jobTraining","ols",0.0521878247384088,NA,83
"layoff","logit",0.00726969111275821,NA,83
"layoff","ols",0.00347179333477166,NA,83
"materialHardship","logit",NA,NA,83
"materialHardship","ols",0.172845262213127,"0.383172727014115",83
"eviction","logit",0.0140440684204934,NA,84
"eviction","ols",0.0211911607030015,NA,84
"gpa","logit",NA,NA,84
"gpa","ols",0.106221702846995,"0.186853961645868",84
"grit","logit",NA,NA,84
"grit","ols",0.0141959231028833,"0.0476382162877046",84
"jobTraining","logit",0.0484777943177158,NA,84
"jobTraining","ols",0.0514575579036504,NA,84
"layoff","logit",0.00847319446163719,NA,84
"layoff","ols",0.0124220883614655,NA,84
"materialHardship","logit",NA,NA,84
"materialHardship","ols",0.181825674980356,"0.330702828489197",84
"eviction","logit",0.014261911272772,NA,85
"eviction","ols",0.0211718146799323,NA,85
"gpa","logit",NA,NA,85
"gpa","ols",0.103940978160142,"0.207333851772063",85
"grit","logit",NA,NA,85
"grit","ols",0.0113198978046051,"0.0368404494972841",85
"jobTraining","logit",0.0502602612053877,NA,85
"jobTraining","ols",0.0471890513730081,NA,85
"layoff","logit",0.00860013958770933,NA,85
"layoff","ols",0.00611704992114204,NA,85
"materialHardship","logit",NA,NA,85
"materialHardship","ols",0.179299384786315,"0.355911763202334",85
"eviction","logit",0.0143715838306689,NA,86
"eviction","ols",0.0201215347031375,NA,86
"gpa","logit",NA,NA,86
"gpa","ols",0.0992955336867424,"0.173022591122245",86
"grit","logit",NA,NA,86
"grit","ols",0.0145852876198467,"0.0213690991301102",86
"jobTraining","logit",0.0476936541241353,NA,86
"jobTraining","ols",0.0486421159196061,NA,86
"layoff","logit",0.00805079223178462,NA,86
"layoff","ols",0.0142491932715278,NA,86
"materialHardship","logit",NA,NA,86
"materialHardship","ols",0.173589216187375,"0.373378591764703",86
"eviction","logit",0.0143369665444136,NA,87
"eviction","ols",0.0159586002229317,NA,87
"gpa","logit",NA,NA,87
"gpa","ols",0.0845564138660174,"0.216934002372908",87
"grit","logit",NA,NA,87
"grit","ols",0.00862814819774527,"-0.00908577677470815",87
"jobTraining","logit",0.0494789420614455,NA,87
"jobTraining","ols",0.0496434219530508,NA,87
"layoff","logit",0.00860649992198093,NA,87
"layoff","ols",0.00517685948005731,NA,87
"materialHardship","logit",NA,NA,87
"materialHardship","ols",0.180760158516387,"0.350170648753575",87
"eviction","logit",0.0120431371902896,NA,88
"eviction","ols",0.0179293061624137,NA,88
"gpa","logit",NA,NA,88
"gpa","ols",0.111133450018973,"0.150288969146739",88
"grit","logit",NA,NA,88
"grit","ols",0.0132955922342857,"0.0267453726809375",88
"jobTraining","logit",0.0494897041672575,NA,88
"jobTraining","ols",0.0437045570381314,NA,88
"layoff","logit",0.00726547573009129,NA,88
"layoff","ols",0.00386007063312521,NA,88
"materialHardship","logit",NA,NA,88
"materialHardship","ols",0.187099250490682,"0.349909432926382",88
"eviction","logit",0.0144527750741781,NA,89
"eviction","ols",0.0149563392530152,NA,89
"gpa","logit",NA,NA,89
"gpa","ols",0.10437471604542,"0.204151368747755",89
"grit","logit",NA,NA,89
"grit","ols",0.0168437741495067,"0.0317411578644425",89
"jobTraining","logit",0.0501205749465644,NA,89
"jobTraining","ols",0.0539107257320923,NA,89
"layoff","logit",0.0102498626639733,NA,89
"layoff","ols",0.00340902762291229,NA,89
"materialHardship","logit",NA,NA,89
"materialHardship","ols",0.189849317678849,"0.367150460872943",89
"eviction","logit",0.0142593088482267,NA,90
"eviction","ols",0.0164330720609387,NA,90
"gpa","logit",NA,NA,90
"gpa","ols",0.113453756055719,"0.166628657754795",90
"grit","logit",NA,NA,90
"grit","ols",0.0129425935867648,"0.0152851474270178",90
"jobTraining","logit",0.0496838215065929,NA,90
"jobTraining","ols",0.0552349421205945,NA,90
"layoff","logit",0.0087816997109883,NA,90
"layoff","ols",-0.00296303506790796,NA,90
"materialHardship","logit",NA,NA,90
"materialHardship","ols",0.186747326219863,"0.36435883196334",90
"eviction","logit",0.014274970214575,NA,91
"eviction","ols",0.0194769162645612,NA,91
"gpa","logit",NA,NA,91
"gpa","ols",0.116152124141136,"0.208494593560314",91
"grit","logit",NA,NA,91
"grit","ols",0.00741808429216384,"0.0084031927363059",91
"jobTraining","logit",0.0492513261994945,NA,91
"jobTraining","ols",0.0527539571378368,NA,91
"layoff","logit",0.0087688449809189,NA,91
"layoff","ols",0.00483894768662252,NA,91
"materialHardship","logit",NA,NA,91
"materialHardship","ols",0.177424626174098,"0.369928518110822",91
"eviction","logit",0.0143763879713386,NA,92
"eviction","ols",0.0263121897952796,NA,92
"gpa","logit",NA,NA,92
"gpa","ols",0.11014166263952,"0.208677369007948",92
"grit","logit",NA,NA,92
"grit","ols",0.00350228497179328,"-0.00181636804576073",92
"jobTraining","logit",0.0509394945776384,NA,92
"jobTraining","ols",0.0465726541832248,NA,92
"layoff","logit",0.00781841600204469,NA,92
"layoff","ols",0.00261790836198217,NA,92
"materialHardship","logit",NA,NA,92
"materialHardship","ols",0.173580012414879,"0.374012425101684",92
"eviction","logit",0.0143444333316514,NA,93
"eviction","ols",0.0155752097266361,NA,93
"gpa","logit",NA,NA,93
"gpa","ols",0.0918582359417868,"0.216747317780008",93
"grit","logit",NA,NA,93
"grit","ols",0.0113964082071107,"0.03421670403455",93
"jobTraining","logit",0.0511853836266265,NA,93
"jobTraining","ols",0.0499415219010955,NA,93
"layoff","logit",0.00772127008907342,NA,93
"layoff","ols",-0.00136589015144395,NA,93
"materialHardship","logit",NA,NA,93
"materialHardship","ols",0.178670966892269,"0.355762171632409",93
"eviction","logit",0.01405476977186,NA,94
"eviction","ols",0.0247740231808216,NA,94
"gpa","logit",NA,NA,94
"gpa","ols",0.119557249923623,"0.171373710827954",94
"grit","logit",NA,NA,94
"grit","ols",0.0079766158461867,"0.0364069781845685",94
"jobTraining","logit",0.049526425058759,NA,94
"jobTraining","ols",0.0507403897734272,NA,94
"layoff","logit",0.0088673573107455,NA,94
"layoff","ols",0.00303595449629801,NA,94
"materialHardship","logit",NA,NA,94
"materialHardship","ols",0.168595465259114,"0.397655936154459",94
"eviction","logit",0.0143854347684957,NA,95
"eviction","ols",0.00650467733351678,NA,95
"gpa","logit",NA,NA,95
"gpa","ols",0.0990372682802432,"0.211228874289407",95
"grit","logit",NA,NA,95
"grit","ols",0.0178304089106215,"0.034308517619089",95
"jobTraining","logit",0.0523402473396771,NA,95
"jobTraining","ols",0.051086615199958,NA,95
"layoff","logit",0.00989547965888637,NA,95
"layoff","ols",0.0108234003149751,NA,95
"materialHardship","logit",NA,NA,95
"materialHardship","ols",0.182437917915478,"0.375747447218914",95
"eviction","logit",0.0144462475179098,NA,96
"eviction","ols",0.0194471331453985,NA,96
"gpa","logit",NA,NA,96
"gpa","ols",0.109572528803868,"0.151226172699675",96
"grit","logit",NA,NA,96
"grit","ols",0.0143119250414904,"0.0212947507203893",96
"jobTraining","logit",0.0478562424981209,NA,96
"jobTraining","ols",0.0441928343982978,NA,96
"layoff","logit",0.00771945515486261,NA,96
"layoff","ols",0.00305548492681118,NA,96
"materialHardship","logit",NA,NA,96
"materialHardship","ols",0.181454170559083,"0.426116120940425",96
"eviction","logit",0.0142193826392946,NA,97
"eviction","ols",0.0221124833857554,NA,97
"gpa","logit",NA,NA,97
"gpa","ols",0.116381041987586,"0.174516726983817",97
"grit","logit",NA,NA,97
"grit","ols",0.0099153372482782,"0.0216705101539554",97
"jobTraining","logit",0.0493290738097919,NA,97
"jobTraining","ols",0.0527258353374787,NA,97
"layoff","logit",0.0077271620474012,NA,97
"layoff","ols",0.00223458796470355,NA,97
"materialHardship","logit",NA,NA,97
"materialHardship","ols",0.182699646155456,"0.398019455216614",97
"eviction","logit",0.014335977174462,NA,98
"eviction","ols",0.0190122160265463,NA,98
"gpa","logit",NA,NA,98
"gpa","ols",0.0862385482466109,"0.228564059127599",98
"grit","logit",NA,NA,98
"grit","ols",0.0126901155252896,"0.0284000525750457",98
"jobTraining","logit",0.045825074464882,NA,98
"jobTraining","ols",0.047130588409793,NA,98
"layoff","logit",0.00848738444717279,NA,98
"layoff","ols",0.0087098646192697,NA,98
"materialHardship","logit",NA,NA,98
"materialHardship","ols",0.171728844760361,"0.34006961294564",98
"eviction","logit",0.0142970152370604,NA,99
"eviction","ols",0.00798821269318184,NA,99
"gpa","logit",NA,NA,99
"gpa","ols",0.101601602050287,"0.212708326549212",99
"grit","logit",NA,NA,99
"grit","ols",0.0170535454602917,"0.0495814028258676",99
"jobTraining","logit",0.0495570749309066,NA,99
"jobTraining","ols",0.0437909713623273,NA,99
"layoff","logit",0.00844004018735012,NA,99
"layoff","ols",-7.72078995594505e-05,NA,99
"materialHardship","logit",NA,NA,99
"materialHardship","ols",0.170385453252593,"0.33130703503619",99
"eviction","logit",0.014284025580582,NA,100
"eviction","ols",0.0220030113990051,NA,100
"gpa","logit",NA,NA,100
"gpa","ols",0.0808981540311321,"0.200196685646591",100
"grit","logit",NA,NA,100
"grit","ols",0.00934057400296551,"0.0714473041103908",100
"jobTraining","logit",0.0518257215651045,NA,100
"jobTraining","ols",0.0517149628311131,NA,100
"layoff","logit",0.00860671954277681,NA,100
"layoff","ols",-0.00274552875660805,NA,100
"materialHardship","logit",NA,NA,100
"materialHardship","ols",0.186798287932081,"0.367972136009558",100
